date_label,acquisition_date,product_id,mgrs_tile,cloud_percent,spacecraft,orbit_number,orbit_direction,sun_azimuth,sun_zenith,processing_baseline,generation_time
2024,2024-11-04 05:40:31,S2B_MSIL2A_20241104T052919_N0511_R105_T43RGP_20241104T075633,43RGP,0.101562,Sentinel-2B,105.0,DESCENDING,162.746034898204,47.45215489892,05.11,2024-11-04
2024,2024-11-04 05:40:28,S2B_MSIL2A_20241104T052919_N0511_R105_T44RKU_20241104T075633,44RKU,4.400031,Sentinel-2B,105.0,DESCENDING,163.75445103706,47.2557416283208,05.11,2024-11-04
2024,2024-11-14 05:40:27,S2B_MSIL2A_20241114T052959_N0511_R105_T44RKU_20241114T075133,44RKU,0.843962,Sentinel-2B,105.0,DESCENDING,164.408635036215,50.0488448293257,05.11,2024-11-14
2024,2024-11-19 05:40:34,S2A_MSIL2A_20241119T053111_N0511_R105_T43RGP_20241119T084352,43RGP,2.52E-4,Sentinel-2A,105.0,DESCENDING,163.597628459814,51.4698318720226,05.11,2024-11-19
2024,2024-11-19 05:40:30,S2A_MSIL2A_20241119T053111_N0511_R105_T44RKU_20241119T084352,44RKU,1.4E-5,Sentinel-2A,105.0,DESCENDING,164.527695820331,51.2827926499858,05.11,2024-11-19
2024,2024-11-24 05:40:35,S2B_MSIL2A_20241124T053049_N0511_R105_T43RGP_20241124T075059,43RGP,1.7E-5,Sentinel-2B,105.0,DESCENDING,163.581052595808,52.5837804192265,05.11,2024-11-24
2024,2024-11-24 05:40:32,S2B_MSIL2A_20241124T053049_N0511_R105_T44RKU_20241124T075059,44RKU,0.23307,Sentinel-2B,105.0,DESCENDING,164.490256751924,52.3964335723841,05.11,2024-11-24
2024,2024-11-29 05:40:33,S2A_MSIL2A_20241129T053201_N0511_R105_T43RGP_20241129T085053,43RGP,1.7E-5,Sentinel-2A,105.0,DESCENDING,163.410649439158,53.5672180145209,05.11,2024-11-29
2024,2024-11-29 05:40:29,S2A_MSIL2A_20241129T053201_N0511_R105_T44RKU_20241129T085053,44RKU,0.034468,Sentinel-2A,105.0,DESCENDING,164.301619771168,53.3777938847778,05.11,2024-11-29
2024,2024-12-04 05:40:34,S2B_MSIL2A_20241204T053119_N0511_R105_T43RGP_20241204T074212,43RGP,0.001974,Sentinel-2B,105.0,DESCENDING,163.135227401356,54.3996855029718,05.11,2024-12-04
2024,2024-12-04 05:40:31,S2B_MSIL2A_20241204T053119_N0511_R105_T44RKU_20241204T074212,44RKU,5.8E-5,Sentinel-2B,105.0,DESCENDING,164.010797935195,54.2069986819962,05.11,2024-12-04
2024,2024-12-09 05:40:35,S2A_MSIL2A_20241209T053221_N0511_R105_T43RGP_20241209T082353,43RGP,4.413692,Sentinel-2A,105.0,DESCENDING,162.743363838938,55.0753889193677,05.11,2024-12-09
2024,2024-12-09 05:41:02,S2C_MSIL2A_20241209T053251_N9905_R105_T43RGP_20241209T091611,43RGP,4.586172,Sentinel-2C,105.0,DESCENDING,162.866279688554,55.046343045322,99.05,2024-12-09
2024,2024-12-14 05:40:35,S2B_MSIL2A_20241214T053139_N0511_R105_T43RGP_20241214T073556,43RGP,0.097133,Sentinel-2B,105.0,DESCENDING,162.25013792743,55.5847606941526,05.11,2024-12-14
2024,2024-12-14 05:40:32,S2B_MSIL2A_20241214T053139_N0511_R105_T44RKU_20241214T073556,44RKU,0.052398,Sentinel-2B,105.0,DESCENDING,163.103244511765,55.3817630352934,05.11,2024-12-14
2024,2024-12-19 05:40:33,S2A_MSIL2A_20241219T053231_N0511_R105_T43RGP_20241219T092902,43RGP,1.36E-4,Sentinel-2A,105.0,DESCENDING,161.658496508101,55.9237002021964,05.11,2024-12-19
2024,2024-12-19 05:40:30,S2A_MSIL2A_20241219T053231_N0511_R105_T44RKU_20241219T092902,44RKU,0.012561,Sentinel-2A,105.0,DESCENDING,162.504516578322,55.7138776979367,05.11,2024-12-19
2024,2024-12-19 05:41:01,S2C_MSIL2A_20241219T053301_N9906_R105_T43RGP_20241219T103312,43RGP,7.43E-4,Sentinel-2C,105.0,DESCENDING,161.780002650678,55.8925926939008,99.06,2024-12-19
2024,2024-12-29 05:40:32,S2A_MSIL2A_20241229T053231_N0511_R105_T44RKU_20241229T095250,44RKU,9.987626,Sentinel-2A,105.0,DESCENDING,161.121130671644,55.8316960976891,05.11,2024-12-29
2024,2025-01-13 05:40:33,S2B_MSIL2A_20250113T053209_N0511_R105_T43RGP_20250113T074041,43RGP,4.74E-4,Sentinel-2B,105.0,DESCENDING,157.822092834274,54.8992323968723,05.11,2025-01-13
2024,2025-01-13 05:40:30,S2B_MSIL2A_20250113T053209_N0511_R105_T44RKU_20250113T074041,44RKU,0.017297,Sentinel-2B,105.0,DESCENDING,158.674870571843,54.6460655646046,05.11,2025-01-13
2024,2025-01-23 05:40:36,S2B_MSIL2A_20250123T053029_N0511_R105_T43RGP_20250123T084836,43RGP,6.907349,Sentinel-2B,105.0,DESCENDING,156.072470938911,53.2490793108327,05.11,2025-01-23
2024,2025-01-28 05:40:59,S2C_MSIL2A_20250128T053131_N0511_R105_T44RKU_20250128T084454,44RKU,0.453989,Sentinel-2C,105.0,DESCENDING,156.187728751134,51.8638422363044,05.11,2025-01-28
2024,2025-02-02 05:40:36,S2B_MSIL2A_20250202T052939_N0511_R105_T43RGP_20250202T073543,43RGP,2.489942,Sentinel-2B,105.0,DESCENDING,154.276815820024,50.970544308794,05.11,2025-02-02
2024,2025-02-02 05:40:33,S2B_MSIL2A_20250202T052939_N0511_R105_T44RKU_20250202T073543,44RKU,0.012734,Sentinel-2B,105.0,DESCENDING,155.185551204778,50.6785898773397,05.11,2025-02-02
2024,2025-02-12 05:40:38,S2B_MSIL2A_20250212T052839_N0511_R105_T43RGP_20250212T073606,43RGP,0.020906,Sentinel-2B,105.0,DESCENDING,152.485016065543,48.1479576269824,05.11,2025-02-12
2024,2025-02-12 05:40:34,S2B_MSIL2A_20250212T052839_N0511_R105_T44RKU_20250212T073606,44RKU,1.303328,Sentinel-2B,105.0,DESCENDING,153.438835597761,47.8368984615648,05.11,2025-02-12
2024,2025-02-17 05:40:57,S2C_MSIL2A_20250217T052931_N0511_R105_T43RGP_20250217T090011,43RGP,0.0,Sentinel-2C,105.0,DESCENDING,151.68518410463,46.5341739571799,05.11,2025-02-17
2024,2025-02-17 05:40:54,S2C_MSIL2A_20250217T052931_N0511_R105_T44RKU_20250217T090011,44RKU,1.107957,Sentinel-2C,105.0,DESCENDING,152.66708078356,46.2147354551112,05.11,2025-02-17
2016,2016-11-01 05:40:31,S2A_MSIL2A_20161101T053832_N0500_R105_T43RGP_20230927T071805,43RGP,0.0,Sentinel-2A,105.0,DESCENDING,162.392519398933,46.5286729333278,05.00,2023-09-27
2016,2016-11-01 05:40:28,S2A_MSIL2A_20161101T053832_N0500_R105_T44RKU_20230927T071805,44RKU,0.149911,Sentinel-2A,105.0,DESCENDING,163.419817148944,46.3282973176609,05.00,2023-09-27
2016,2016-11-11 05:40:32,S2A_MSIL2A_20161111T053042_N0500_R105_T43RGP_20231012T075851,43RGP,2.99E-4,Sentinel-2A,105.0,DESCENDING,163.311330756903,49.4218332818996,05.00,2023-10-12
2016,2016-11-21 05:40:29,S2A_MSIL2A_20161121T053132_N0500_R105_T44RKU_20230925T191020,44RKU,0.397271,Sentinel-2A,105.0,DESCENDING,164.513774918499,51.7302314732878,05.00,2023-09-25
2016,2016-12-11 05:40:29,S2A_MSIL2A_20161211T053222_N0500_R105_T43RGP_20230921T190853,43RGP,0.351755,Sentinel-2A,105.0,DESCENDING,162.531419090721,55.2972246031765,05.00,2023-09-21
2016,2016-12-11 05:40:27,S2A_MSIL2A_20161211T053222_N0500_R105_T44RKU_20230921T190853,44RKU,0.00761,Sentinel-2A,105.0,DESCENDING,163.39009812615,55.0974830085612,05.00,2023-09-21
2016,2016-12-21 05:40:28,S2A_MSIL2A_20161221T053232_N0500_R105_T43RGP_20231021T170755,43RGP,0.594772,Sentinel-2A,105.0,DESCENDING,161.380187318051,56.0106653346316,05.00,2023-10-21
2016,2016-12-21 05:40:25,S2A_MSIL2A_20161221T053232_N0500_R105_T44RKU_20231021T170755,44RKU,0.167356,Sentinel-2A,105.0,DESCENDING,162.224083953167,55.797649260709,05.00,2023-10-21
2016,2017-02-09 05:40:26,S2A_MSIL2A_20170209T052951_N0500_R105_T43RGP_20231014T201554,43RGP,0.162459,Sentinel-2A,105.0,DESCENDING,152.979147958775,49.0783984121421,05.00,2023-10-14
2016,2017-02-09 05:40:24,S2A_MSIL2A_20170209T052951_N0500_R105_T44RKU_20231014T201554,44RKU,0.907685,Sentinel-2A,105.0,DESCENDING,153.917429700333,48.7725521120354,05.00,2023-10-14
